Film,Scare Level,Quality Level ,Gore Level ,Trailer
The Ritual (2017),Drag Me to Hell,Good,Missing Limbs,https://www.youtube.com/watch?v=Vfugwq2uoa0
Night House (2021),Drag Me to Hell,Good,Paper Cut,https://www.youtube.com/watch?v=2Tshycci2ZA
The Dark and the Wicked (2020),Drag Me to Hell,Great ,Buckets & Buckets,https://www.youtube.com/watch?v=zM-jmNmX50Q
Alien (1979),Drag Me to Hell,Excellent,Buckets & Buckets,https://www.youtube.com/watch?v=jQ5lPt9edzQ
Aliens (1986),Drag Me to Hell,Excellent,Buckets & Buckets,https://www.youtube.com/watch?v=oSeQQlaCZgU
Prometheus (2012),Drag Me to Hell,Great ,Buckets & Buckets,https://www.youtube.com/watch?v=yA6OKoW30Pk
The Lighthouse (2019),Drag Me to Hell,Excellent,Paper Cut,https://www.youtube.com/watch?v=Hyag7lR8CPA
The Empty Man (2020),Drag Me to Hell,Great ,Missing Limbs,https://www.youtube.com/watch?v=tk6u9X1bW30
An American Werewolf in London (1981),Drag Me to Hell,Great ,Buckets & Buckets,https://www.youtube.com/watch?v=Tfz9AhPnM8c
The Thing (1989),Drag Me to Hell,Masterpiece,Buckets & Buckets,https://www.youtube.com/watch?v=brPRW-_OcdE
The Void (2017),Drag Me to Hell,Good,Buckets & Buckets,https://www.youtube.com/watch?v=5nwjxukw5T0
Late Night with the Devil (2024),Drag Me to Hell,Good,Missing Limbs,https://www.youtube.com/watch?v=YeKYfneOH3o
Ghost Stories (2018),Drag Me to Hell,Good,Missing Limbs,https://www.youtube.com/watch?v=D4lkpROfQ3k
Ghostwatch (1992),Drag Me to Hell,Great ,Not a Dop,https://www.youtube.com/watch?v=Lw7re8HQ2lY
The Sixth Sense (1999),Drag Me to Hell,Great ,Missing Limbs,https://www.youtube.com/watch?v=3-ZP95NF_Wk
Poltergeist (1982),Drag Me to Hell,Great ,Missing Limbs,https://www.youtube.com/watch?v=9eZgEKjYJqA
Train to Busan (2016),Drag Me to Hell,Great ,Buckets & Buckets,https://www.youtube.com/watch?v=1ovgxN2VWNc
Evil Dead II (1987),Drag Me to Hell,Excellent,Buckets & Buckets,https://www.youtube.com/watch?v=7qBGnzz7mPI
The Beyond (1981),Drag Me to Hell,Good,Missing Limbs,https://www.youtube.com/watch?v=9asxICiFPlY
Cube (1997),Drag Me to Hell,Good,Missing Limbs,https://www.youtube.com/watch?v=Esjc0rPj3K4
Lost Highway (1997),Drag Me to Hell,Great ,Missing Limbs,https://www.youtube.com/watch?v=1nKjO9QCSic
From Beyond (1986),Drag Me to Hell,Good,Buckets & Buckets,https://www.youtube.com/watch?v=d3D9O9vrDjw
Reanimator (1985),Drag Me to Hell,Good,Buckets & Buckets,https://www.youtube.com/watch?v=w_bWa9vkF_w
Misery (1990),Drag Me to Hell,Great ,Missing Limbs,https://www.youtube.com/watch?v=XHQ9CPRfDsw
It (1990),Drag Me to Hell,Good,Paper Cut,https://www.youtube.com/watch?v=iMspVKv56vQ
The Slumber Party Massacre (1982),Drag Me to Hell,Good,Missing Limbs,https://www.youtube.com/watch?v=BOTWFcVXm9Y
High Tension (2003),Drag Me to Hell,Meh,Buckets & Buckets,https://www.youtube.com/watch?v=SIFwOugjyKQ
The Omen (1976),Drag Me to Hell,Great ,Missing Limbs,https://www.youtube.com/watch?v=kqAYR6z7yAU
Jeepers Creepers (2001),Drag Me to Hell,Good,Missing Limbs,https://www.youtube.com/watch?v=5T7TFIOZ2xU
Bad Things (2023),Drag Me to Hell,Great ,Missing Limbs,https://www.youtube.com/watch?v=xGp-r3ugeWs
We Need to Talk About Kevin (2011),Drag Me to Hell,Great ,Missing Limbs,https://www.youtube.com/watch?v=SfQaRK3BCYU
Castle Freak (1995),Drag Me to Hell,Good,Missing Limbs,https://www.youtube.com/watch?v=zDRCp-nJEaI
Chained (2012),Drag Me to Hell,Great ,Missing Limbs,https://www.youtube.com/watch?v=Uney3BbKyjU
Daddy's head (2024),Drag Me to Hell,Good,Paper Cut,https://www.youtube.com/watch?v=545hhCshODg
Possession (1981),Drag Me to Hell,Masterpiece,Missing Limbs,https://www.youtube.com/watch?v=aLXW-oVbTxE
28 Days Later (2002),Drag Me to Hell,Great ,Buckets & Buckets,https://www.youtube.com/watch?v=mWEhfF27O0c
Dead Alive/Brain Dead (1992),Drag Me to Hell,Great ,Buckets & Buckets,https://www.youtube.com/watch?v=t3yUirgf4hE
Titane (2021),Drag Me to Hell,Great ,Missing Limbs,https://www.youtube.com/watch?v=Q5_w2W5G9OM&vl=en
Society (1989),Drag Me to Hell,Good,Missing Limbs,https://www.youtube.com/watch?v=4Us1_sbw5WI
Tetsuo: The Iron Man (1989),Drag Me to Hell,Good,Missing Limbs,https://www.youtube.com/watch?v=ShJvheZHXdI
Possessor (2020),Drag Me to Hell,Great ,Missing Limbs,https://www.youtube.com/watch?v=D0Gh9nOIV3w
V/H/S 94 (2021),Drag Me to Hell,Good,Buckets & Buckets,https://www.youtube.com/watch?v=opnSln8Ue2U
V/H/S 85 (2023),Drag Me to Hell,Good,Missing Limbs,https://www.youtube.com/watch?v=Ke20dnbwZXs
VHS (2012),Drag Me to Hell,Good,Missing Limbs,https://www.youtube.com/watch?v=NaSUZnIztuY
Rec (2007),Drag Me to Hell,Great ,Buckets & Buckets,https://www.youtube.com/watch?v=KLizS5GFBQI
Hell House LLC (2015),Drag Me to Hell,Great ,Missing Limbs,https://www.youtube.com/watch?v=FQtqL6UskEY
Grave Encounters (2011),Drag Me to Hell,Great ,Missing Limbs,https://www.youtube.com/watch?v=HEmuFgHZZK0
The Host (2020),Drag Me to Hell,Great ,Paper Cut,https://www.youtube.com/watch?v=SNlKbqHqGcY
Blair Witch (1999),Drag Me to Hell,Excellent,Paper Cut,https://www.youtube.com/watch?v=MBZ-POVsrlI
The Ring (2002),Drag Me to Hell,Great ,Missing Limbs,https://www.youtube.com/watch?v=CG7BAY6_hsw
Hereditary (2018),Drag Me to Hell,Excellent,Buckets & Buckets,https://www.youtube.com/watch?v=V6wWKNij_1M
Barbarian (2022),Drag Me to Hell,Great ,Missing Limbs,https://www.youtube.com/watch?v=Dr89pmKrqkI
Event Horizon (1997),Drag Me to Hell,Great ,Buckets & Buckets,https://www.youtube.com/watch?v=2nlkEY-3CMI
The Shining (1980),Drag Me to Hell,Masterpiece,Paper Cut,https://www.youtube.com/watch?v=S014oGZiSdI
The Texas Chain Saw Massacre (1974),Drag Me to Hell,Excellent,Buckets & Buckets,https://www.youtube.com/watch?v=kqAYR6z7yAU
Rosemary's Baby (1968),Drag Me to Hell,Excellent,Paper Cut,https://www.youtube.com/watch?v=BjpA6IH_Skc
Cache (2005),Drag Me to Hell,Good,Not a Dop,https://www.youtube.com/watch?v=pvT_9TqIEtM
Gerald's Game (2017),Drag Me to Hell,Good,Missing Limbs,https://www.youtube.com/watch?v=twbGU2CqqQU
Henry: Portrait of a Serial Killer (1986),Drag Me to Hell,Good,Buckets & Buckets,https://www.youtube.com/watch?v=qxxZ8yspQyw
Unsane (2018),Drag Me to Hell,Good,Not a Dop,https://www.youtube.com/watch?v=u7KZrt_cHH0
Angst (1983),Drag Me to Hell,Good,Buckets & Buckets,https://www.youtube.com/watch?v=P5MSigtzSjY
The Exorcist (1973),Drag Me to Hell,Excellent,Missing Limbs,https://www.youtube.com/watch?v=MK5ih8qExC0
Messiah of Evil (1973),Drag Me to Hell,Great ,Missing Limbs,https://www.youtube.com/watch?v=NlRxZdpqodQ
Martyrs (2008),Drag Me to Hell,Good,Buckets & Buckets,https://www.youtube.com/watch?v=F8RDYD6VhpI
The Witch (2016),Drag Me to Hell,Great ,Paper Cut,https://www.youtube.com/watch?v=iQXmlf3Sefg
Cure (1997),Drag Me to Hell,Excellent,Paper Cut,https://www.youtube.com/watch?v=JL3FSimRztM
Creepy (2016),Drag Me to Hell,Good,Paper Cut,https://www.youtube.com/watch?v=7kI_ACTcdEw
Pulse (2001),Drag Me to Hell,Great ,Missing Limbs,https://www.youtube.com/watch?v=MpsXvHMUQ3Q
The Serpent and the Rainbow (1988),Drag Me to Hell,Great ,Missing Limbs,https://www.youtube.com/watch?v=EPWTvbTWhZc
Nightmare on Elm Street (1984),Drag Me to Hell,Great ,Buckets & Buckets,https://www.youtube.com/watch?v=dCVh4lBfW-c
Scream (1996),Drag Me to Hell,Excellent,Missing Limbs,https://www.youtube.com/watch?v=QGu3aFzMWmQ
Halloween (1978),Drag Me to Hell,Excellent,Missing Limbs,
In the Mouth of Madness (1996),Drag Me to Hell,Excellent,Missing Limbs,https://www.youtube.com/watch?v=AlugldzO9zY
Mulholland Drive (2001),Drag Me to Hell,Excellent,Paper Cut,https://www.youtube.com/watch?v=7KgH9n1c4mM
Eraserhead (1977),Drag Me to Hell,Excellent,Paper Cut,https://www.youtube.com/watch?v=7WAzFWu2tVw
Twin Peaks: Fire Walk with Me (1992),Drag Me to Hell,Excellent,Paper Cut,https://www.youtube.com/watch?v=I9Ey1FQVIO8
The Sadness (2021),Drag Me to Hell,Good,Buckets & Buckets,https://www.youtube.com/watch?v=jAZR5mhK_1I
Baskin (2018),Drag Me to Hell,Good,Buckets & Buckets,https://www.youtube.com/watch?v=nFKqAE2eBUg
It Follows (2015),Drag Me to Hell,Excellent,Missing Limbs,https://www.youtube.com/watch?v=HkZYbOH0ujw
Babadook (2014),Drag Me to Hell,Excellent,Paper Cut,https://www.youtube.com/watch?v=k5WQZzDRVtw
Carrie (1974),Drag Me to Hell,Great ,Paper Cut,https://www.youtube.com/watch?v=j9Mg-GRS46Y
Body Double (1984),Drag Me to Hell,Excellent,Missing Limbs,https://www.youtube.com/watch?v=3Jebb-wWDS4
Sisters (1973),Drag Me to Hell,Great ,Paper Cut,https://www.youtube.com/watch?v=SDgLTd_lVzc
Broadcast Signal Intrusion (2021),Drag Me to Hell,Good,Missing Limbs,https://www.youtube.com/watch?v=YH985k5hDfw
Storm of the Century (1999),Drag Me to Hell,Meh,Paper Cut,https://www.youtube.com/watch?v=HeDnEi7DvN8
Langoliers (1995),Drag Me to Hell,Good,Paper Cut,https://www.youtube.com/watch?v=zJocfhzC6xU
Midnight Meat Train (2008),Drag Me to Hell,Good,Missing Limbs,https://www.youtube.com/watch?v=wtUiRfMy_uI
Nightbreed (1990),Drag Me to Hell,Good,Missing Limbs,https://www.youtube.com/watch?v=gKXnT8FVleY
Smile (2022),Drag Me to Hell,Good,Missing Limbs,https://www.youtube.com/watch?v=BcDK7lkzzsU
Cigarette Burns (2005),Drag Me to Hell,Great ,Buckets & Buckets,https://www.youtube.com/watch?v=G0AduCtrKVE
Pyewacket (2017),Drag Me to Hell,Good,Paper Cut,https://www.youtube.com/watch?v=W59htJEYzOg
The Descent (2005),Drag Me to Hell,Great ,Buckets & Buckets,https://www.youtube.com/watch?v=CSYg7Z1KS_I
The Funhouse (1981),Drag Me to Hell,Good,Missing Limbs,https://www.youtube.com/watch?v=teb0r_wdLyc
Session 9 (2021),Drag Me to Hell,Good,Paper Cut,https://www.youtube.com/watch?v=4s-5eJq47bY
Candyman (1992),Drag Me to Hell,Great ,Missing Limbs,https://www.youtube.com/watch?v=tlwzuZ9kOQU
The House that Jack Built (2018),Drag Me to Hell,Good,Buckets & Buckets,https://www.youtube.com/watch?v=c6DuLPGZIoQ
Paranormal Activity (2009),Drag Me to Hell,Good,Paper Cut,https://www.youtube.com/watch?v=1rFCdKLh5bE
Seven (1995),Drag Me to Hell,Great ,Buckets & Buckets,https://www.youtube.com/watch?v=znmZoVkCjpI
The Sentinel (1977),Drag Me to Hell,Good,Paper Cut,https://www.youtube.com/watch?v=k2o-8nzS_bc
The House with the Laughing WIndows (1976),Drag Me to Hell,Good,Missing Limbs,https://www.youtube.com/watch?v=jE6_fO2iqOY
Antichrist (2009),Drag Me to Hell,Good,Buckets & Buckets,https://www.youtube.com/watch?v=Zv_F8iZKeLI
Skinamarink (2022),Drag Me to Hell,Good,Paper Cut,https://www.youtube.com/watch?v=APQqilSTxz0
Braid (2019),Drag Me to Hell,Good,Missing Limbs,https://www.youtube.com/watch?v=qgUW_SjWGdI
Censor (2021),Drag Me to Hell,Good,Missing Limbs,https://www.youtube.com/watch?v=KRrhXjH1M70
Lake Mungo (2008),Drag Me to Hell,Good,Paper Cut,https://www.youtube.com/watch?v=s-KnomEI6NE
Midsommar (2019),Drag Me to Hell,Great ,Missing Limbs,https://www.youtube.com/watch?v=1Vnghdsjmd0
Sinister (2012),Drag Me to Hell,Good,Buckets & Buckets,https://www.youtube.com/watch?v=_kbQAJR9YWQ
In a Violent Nature (2024),Drag Me to Hell,Good,Buckets & Buckets,https://www.youtube.com/watch?v=4BVW7axwtQk
When a Stranger Calls (1979),Scare Me Some,Great ,Missing Limbs,https://www.youtube.com/watch?v=2oC4QJtPMH0
Funny Games (1997),Scare Me Some,Great ,Missing Limbs,https://www.youtube.com/watch?v=bH2HS6uWIhQ
Escape Room (2019),Scare Me Some,Good,Missing Limbs,https://www.youtube.com/watch?v=6dSKUoV0SNI
Nope (2022),Scare Me Some,Good,Missing Limbs,https://www.youtube.com/watch?v=In8fuzj3gck
Us (2019),Scare Me Some,Excellent,Missing Limbs,https://www.youtube.com/watch?v=hNCmb-4oXJA
Get Out (2017),Scare Me Some,Excellent,Paper Cut,https://www.youtube.com/watch?v=DzfpyUB60YY
Personal Shopper (2016),Scare Me Some,Great ,Paper Cut,https://www.youtube.com/watch?v=dSqMpkGOW9g
Wait Until Dark (1967),Scare Me Some,Good,Not a Dop,https://www.youtube.com/watch?v=MKeTME_tRUI
The Houses that October Built (2011),Scare Me Some,Good,Not a Dop,https://www.youtube.com/watch?v=Yedl4lY9VgM
Chopping Mall (1986),Scare Me Some,Good,Paper Cut,https://www.youtube.com/watch?v=jSkYxW5Ii28
Crawl (2019),Scare Me Some,Good,Paper Cut,https://www.youtube.com/watch?v=H6MLJG0RdDE
Memories (1995),Scare Me Some,Great ,Paper Cut,https://www.youtube.com/watch?v=hABBy-xta80
Perfect Blue (1997),Scare Me Some,Great ,Paper Cut,https://www.youtube.com/watch?v=RrWausp8zDQ
9 (2009),Scare Me Some,Good,Not a Dop,https://www.youtube.com/watch?v=_qApXdc1WPY
Mad God (2021),Scare Me Some,Good,Buckets & Buckets,https://www.youtube.com/watch?v=jas8OABbn0Y
Faust (1994),Scare Me Some,Good,Paper Cut,https://www.youtube.com/watch?v=38nSgWs26TE
Nightmare on Elm Street 2 (1985),Scare Me Some,Meh,Missing Limbs,https://www.youtube.com/watch?v=9iqNVyjwLFA
Friday the 13th Part VIII: Jason Takes Manhattan (1989),Scare Me Some,Meh,Missing Limbs,https://www.youtube.com/watch?v=Y10jRZLzTAE
Halloween III: Season of the Witch (1982),Scare Me Some,Meh,Missing Limbs,https://www.youtube.com/watch?v=JBn_iQXSmiY
The Hidden (1987),Scare Me Some,Excellent,Buckets & Buckets,https://www.youtube.com/watch?v=hInygKldb2Q
Murder Party (2007),Scare Me Some,Great ,Missing Limbs,https://www.youtube.com/watch?v=TTrAX5QgChc
Near Dark (1987),Scare Me Some,Great ,Missing Limbs,https://www.youtube.com/watch?v=VllIQYnC20s
The Frighteners (1996),Scare Me Some,Good,Missing Limbs,https://www.youtube.com/watch?v=lKWiQLwr9Xs
The Hitcher (1986),Scare Me Some,Excellent,Missing Limbs,https://www.youtube.com/watch?v=gaJRGK6XCVc
Speak No Evil (2022),Scare Me Some,Good,Missing Limbs,https://www.youtube.com/watch?v=INHM--6XQzQ
Peeping Tom (1960),Scare Me Some,Good,Missing Limbs,https://www.youtube.com/watch?v=c7ujjwtHuZQ
"Black Coal, Thin Ice (2014)",Scare Me Some,Great ,Missing Limbs,https://www.youtube.com/watch?v=tOCgxzhpED8
M (1931),Scare Me Some,Excellent,Not a Dop,https://www.youtube.com/watch?v=nsVproWjN6c
One Cut of the Dead (2018),Scare Me Some,Excellent,Missing Limbs,https://www.youtube.com/watch?v=Du2XfUDfjN0
Cemetery Man (1994),Scare Me Some,Good,Missing Limbs,https://www.youtube.com/watch?v=XVEhAw7bGx4
Bad Taste (1987),Scare Me Some,Good,Missing Limbs,https://www.youtube.com/watch?v=7IHwKJOZZ6U
Night of the Living Dead (1968),Scare Me Some,Excellent,Missing Limbs,https://www.youtube.com/watch?v=V5XwrRFP7Zw
Return of the Living Dead (1985),Scare Me Some,Great ,Buckets & Buckets,https://www.youtube.com/watch?v=GkhCAV3wmIU
The Stuff (1985),Scare Me Some,Good,Paper Cut,https://www.youtube.com/watch?v=e_ROA_ZEGfA
Duel (1971),Scare Me Some,Great ,Not a Dop,https://www.youtube.com/watch?v=SutDTIhbQ2g
Let the Right One In (2008),Scare Me Some,Great ,Missing Limbs,https://www.youtube.com/watch?v=ICp4g9p_rgo
A Girl Walks Home Alone at Night (2014),Scare Me Some,Great ,Paper Cut,https://www.youtube.com/watch?v=_YGmTdo3vuY
The Cremator (1969),Scare Me Some,Excellent,Paper Cut,https://www.youtube.com/watch?v=QGu3aFzMWmQ
Eating Raoul (1982),Scare Me Some,Great ,Missing Limbs,https://www.youtube.com/watch?v=qSq7GhMqPTE
Don't Look Now (1973),Scare Me Some,Great ,Paper Cut,https://www.youtube.com/watch?v=BI9bYR0SoMs
Klute (1971),Scare Me Some,Excellent,Paper Cut,https://www.youtube.com/watch?v=3S4rxnjwFDg
Shaun of the Dead (2004),Scare Me Some,Good,Missing Limbs,https://www.youtube.com/watch?v=cqDy3dXLBO8
Friday the 13th (1980),Scare Me Some,Good,Missing Limbs,https://www.youtube.com/watch?v=Xqqej9T2gqI
Sleepaway Camp (1983),Scare Me Some,Meh,Buckets & Buckets,https://www.youtube.com/watch?v=vImv6yxkxJE
Race with the Devil (1975),Scare Me Some,Great ,Missing Limbs,https://www.youtube.com/watch?v=wqv6PIH_ymY
Road Games (1981),Scare Me Some,Great ,Missing Limbs,https://www.youtube.com/watch?v=bMheJFjh-5o
Phantasm (1979),Scare Me Some,Great ,Missing Limbs,https://www.youtube.com/watch?v=RIRVOepV9Ik
Psycho (1960),Scare Me Some,Excellent,Paper Cut,https://www.youtube.com/watch?v=DTJQfFQ40lI
Return to Oz (1985),Scare Me Some,Good,Not a Dop,https://www.youtube.com/watch?v=q7DWx9xL23Y
Jaws (1975),Scare Me Some,Excellent,Missing Limbs,https://www.youtube.com/watch?v=U1fu_sA7XhE
The Birds (1963),Scare Me Some,Great ,Paper Cut,https://www.youtube.com/watch?v=0fJh2gIBOto
Cropsy (2009),Scare Me Some,Good,Not a Dop,https://www.youtube.com/watch?v=ANek84jNYp8
Resurrect Dead (2011),Scare Me Some,Great ,Not a Dop,https://www.youtube.com/watch?v=VIWpJ5Jl4fE
Room 237 (2012),Scare Me Some,Great ,Not a Dop,https://www.youtube.com/watch?v=sJr7TEVvjqw
"Bodies, Bodies, Bodies (2022)",Scare Me Some,Good,Missing Limbs,https://www.youtube.com/watch?v=DMgLMaLlK9k
It's What's Inside (2024),Scare Me Some,Good,Missing Limbs,https://www.youtube.com/watch?v=RJBNi0CjX5I
I Saw the Tv Glow (2024) ,Scare Me Some,Great ,Paper Cut,https://www.youtube.com/watch?v=kymDzCgPwj0
House (1977),Scare Me Some,Great ,Missing Limbs,https://www.youtube.com/watch?v=WQ_Yo06kIIA
Body Bags (1993),Scare Me Some,Good,Missing Limbs,https://www.youtube.com/watch?v=P7SpFO50Ifs
Salem's Lot (1979),Scare Me Some,Good,Missing Limbs,https://www.youtube.com/watch?v=f27iJTxhPX0
People Under the Stairs (1991),Scare Me Some,Good,Missing Limbs,https://www.youtube.com/watch?v=gx4jKIzvVUo
The Shout (1978),Scare Me Some,Great ,Paper Cut,https://www.youtube.com/watch?v=MWJbPOgEkEM
Thanksgiving (2023),Scare Me Some,Good,Buckets & Buckets,https://www.youtube.com/watch?v=KbU50SdL8zA
Black Christmas (1974),Scare Me Some,Good,Missing Limbs,https://www.youtube.com/watch?v=k6JuJHmVsh4
Krampus (2015),Scare Me Some,Meh,Paper Cut,https://www.youtube.com/watch?v=h6cVyoMH4QE
Cabin in the Woods (20120,Scare Me Some,Good,Missing Limbs,https://www.youtube.com/watch?v=NsIilFNNmkY
Bubba Ho-Tep (2003),Scare Me Some,Great ,Paper Cut,https://www.youtube.com/watch?v=pXGP07vrab8
Army of Darkness,Scare Me Some,Great ,Buckets & Buckets,https://www.youtube.com/watch?v=CZ-wU5RXw2o
Devil's Backbone (2001),Scare Me Some,Great ,Paper Cut,https://www.youtube.com/watch?v=hLfd9435XQI
Pan's Labyrinth (2006),Scare Me Some,Excellent,Paper Cut,https://www.youtube.com/watch?v=AcHasH-nLhU
Crimson Peak (2015),Scare Me Some,Great ,Paper Cut,https://www.youtube.com/watch?v=oquZifON8Eg
Kill List (2011),Scare Me Some,Good,Missing Limbs,https://www.youtube.com/watch?v=aqkqF--v1tg
Drag me to Hell (2009),Scare Me Some,Good,Missing Limbs,https://www.youtube.com/watch?v=Cd8NNcd4Oeo
The Cell (2000),Scare Me Some,Great ,Missing Limbs,https://www.youtube.com/watch?v=eIpy4p_yMV0
Happy Death Day (2017) ,Scare Me Some,Good,Missing Limbs,https://www.youtube.com/watch?v=1NTaDm3atkc
April Fools Day (1986),Scare Me Some,Good,Missing Limbs,https://www.youtube.com/watch?v=WI7ZQvMPh5c
Dressed to Kill (1980),Scare Me Some,Great ,Missing Limbs,https://www.youtube.com/watch?v=AE37peg5fTU
Blow Out (1981),Scare Me Some,Excellent,Paper Cut,https://www.youtube.com/watch?v=dgWfyFgEsO8
Night of the Hunter (1955),Scare Me Some,Great ,Not a Dop,https://www.youtube.com/watch?v=Y8dX6ZKJe2o
The Witches of Eastwick (1987),Easy Watching for the Faint of Heart,Good,Paper Cut,https://www.youtube.com/watch?v=mLs1y_KSTKk
Practical Magic (1998),Easy Watching for the Faint of Heart,Meh,Paper Cut,https://www.youtube.com/watch?v=1pmSzGEqobo
The Craft (1996),Easy Watching for the Faint of Heart,Good,Paper Cut,https://www.youtube.com/watch?v=MmY8B1JH7dU
Hocus Pocus (1993),Easy Watching for the Faint of Heart,Good,Not a Dop,https://www.youtube.com/watch?v=F4e6YQFrt1s
Troll 2 (1990),Easy Watching for the Faint of Heart,Meh,Paper Cut,https://www.youtube.com/watch?v=CkNB0w1fYKk
Halloween 3: Season of the Witch (1982),Easy Watching for the Faint of Heart,Great ,Missing Limbs,https://www.youtube.com/watch?v=JBn_iQXSmiY
Birdemic (2010),Easy Watching for the Faint of Heart,Meh,Paper Cut,https://www.youtube.com/watch?v=jE5dJDgZ644
The Visitor (1979),Easy Watching for the Faint of Heart,Good,Paper Cut,https://www.youtube.com/watch?v=qDZiN6T7HQ4
The Masque of the Red Death (1964),Easy Watching for the Faint of Heart,Good,Paper Cut,https://www.youtube.com/watch?v=vCUtm7mCF4I
The Blob (1958),Easy Watching for the Faint of Heart,Great ,Paper Cut,https://www.youtube.com/watch?v=J-heIT3L9Qg
Frankenstein (1931),Easy Watching for the Faint of Heart,Great ,Paper Cut,https://www.youtube.com/watch?v=AkSbwiKP3mo
Bride of Frankenstein (1935),Easy Watching for the Faint of Heart,Excellent,Not a Dop,https://www.youtube.com/watch?v=rYD3-pIF9jQ
Young Frankenstein (1974),Easy Watching for the Faint of Heart,Excellent,Not a Dop,https://www.youtube.com/watch?v=UsOnSlh7Lns
Bram Stoker's Dracula (1992),Easy Watching for the Faint of Heart,Great ,Paper Cut,https://www.youtube.com/watch?v=cpAfqCUaVwg
Nosferatu: A Symphony of Horror (1922),Easy Watching for the Faint of Heart,Good,Not a Dop,https://www.youtube.com/watch?v=ZxlJxDr26mM
Shadow of the Vampire (2000),Easy Watching for the Faint of Heart,Good,Missing Limbs,https://www.youtube.com/watch?v=_B15iesNMa8
Nosferatu (1979),Easy Watching for the Faint of Heart,Great ,Paper Cut,https://www.youtube.com/watch?v=fnJqLNGBAPc
Nightmare Before Christmas (1993),Easy Watching for the Faint of Heart,Great ,Not a Dop,https://www.youtube.com/watch?v=wr6N_hZyBCk
Edward Scissorhands (1990),Easy Watching for the Faint of Heart,Great ,Paper Cut,https://www.youtube.com/watch?v=TBHIO60whNw
Mars Attacks (1996),Easy Watching for the Faint of Heart,Meh,Paper Cut,https://www.youtube.com/watch?v=DqtjHWlM4lQ
Ghostbusters (1984),Easy Watching for the Faint of Heart,Excellent,Paper Cut,https://www.youtube.com/watch?v=6hDkhw5Wkas
Tucker and Dale vs. Evil (2010),Easy Watching for the Faint of Heart,Good,Buckets & Buckets,https://www.youtube.com/watch?v=l1t8OZn_uhE
Lost Boys (1987),Easy Watching for the Faint of Heart,Great ,Missing Limbs,https://www.youtube.com/watch?v=r1Iqy6m7U7c
Beetlejuice (1989),Easy Watching for the Faint of Heart,Excellent,Missing Limbs,https://www.youtube.com/watch?v=ickbVzajrk0
Serial Mom (1994),Easy Watching for the Faint of Heart,Great ,Missing Limbs,https://www.youtube.com/watch?v=Ut9GvlhB9f4
Dr. Caligari (1920),Easy Watching for the Faint of Heart,Excellent,Not a Dop,https://www.youtube.com/watch?v=IAtpxqajFak
Haunted House (1921),Easy Watching for the Faint of Heart,Great ,Not a Dop,https://www.youtube.com/watch?v=cKOoOK09HvQ
Vampyr (1932),Easy Watching for the Faint of Heart,Great ,Paper Cut,https://www.youtube.com/watch?v=N1P7Q2JRBic
Haxan (1922),Easy Watching for the Faint of Heart,Good,Paper Cut,https://www.youtube.com/watch?v=xFqhJTuvHnc
The Lure (2015),Easy Watching for the Faint of Heart,Good,Missing Limbs,https://www.youtube.com/watch?v=WgWe9QVqrl0
Phantom of the Paradise (1974),Easy Watching for the Faint of Heart,Great ,Missing Limbs,https://www.youtube.com/watch?v=T9yof8cwli4
Rocky Horror Picture Show (1975),Easy Watching for the Faint of Heart,Excellent,Paper Cut,https://www.youtube.com/watch?v=LnYBwampG8U
Fantasia (1940),Easy Watching for the Faint of Heart,Excellent,Not a Dop,https://www.youtube.com/watch?v=b756FPiLlp8
The Black Cauldron (1985),Easy Watching for the Faint of Heart,Good,Not a Dop,https://www.youtube.com/watch?v=5roWlRne7lc
Skeleton Dance (1929),Easy Watching for the Faint of Heart,Excellent,Not a Dop,https://www.youtube.com/watch?v=61t22VGByok
The Adventures of Ichabod and Mr. Toad (1949),Easy Watching for the Faint of Heart,Good,Not a Dop,https://www.youtube.com/watch?v=Ju_BnpsfznA
Death Becomes Her (1992),Easy Watching for the Faint of Heart,Good,Paper Cut,https://www.youtube.com/watch?v=NFXQQ2uAeHM
Casper (1995),Easy Watching for the Faint of Heart,Good,Paper Cut,https://www.youtube.com/watch?v=e8RATQJIngU
Monster Squad (1987),Easy Watching for the Faint of Heart,Meh,Paper Cut,https://www.youtube.com/watch?v=TeZs0B0mjXY
Halloweentown (1998),Easy Watching for the Faint of Heart,Meh,Not a Dop,https://www.youtube.com/watch?v=PjQ80RFVc0Q
Coraline (2009),Easy Watching for the Faint of Heart,Good,Paper Cut,https://www.youtube.com/watch?v=vlv4yzsmwyI
The Mummy (1999),Easy Watching for the Faint of Heart,Good,Paper Cut,https://www.youtube.com/watch?v=f7oKxlaUBac
Rear Window (1954,Easy Watching for the Faint of Heart,Great ,Paper Cut,https://www.youtube.com/watch?v=m01YktiEZCw
Buffy The Vampire Slayer (1992),Easy Watching for the Faint of Heart,Good,Paper Cut,https://www.youtube.com/watch?v=cw584-A9sAU
"It's the Great Pumpkin, Charlie Brown (1966)",Easy Watching for the Faint of Heart,Good,Not a Dop,https://www.youtube.com/watch?v=yShuc_qpnZk
Clue (1984),Easy Watching for the Faint of Heart,Great ,Paper Cut,https://www.youtube.com/watch?v=5GfxyYgoMHY
Scooby-Doo (2002),Easy Watching for the Faint of Heart,Meh,Paper Cut,https://www.youtube.com/watch?v=o3dbeI0BU1k
Gremlins (1984),Easy Watching for the Faint of Heart,Great ,Paper Cut,https://www.youtube.com/watch?v=XBEVwaJEgaA
Little Shop of Horrors (1986),Easy Watching for the Faint of Heart,Good,Not a Dop,https://www.youtube.com/watch?v=QqFZuR6UzjA
The Midnight Hour (1985),Easy Watching for the Faint of Heart,Good,Paper Cut,https://www.youtube.com/watch?v=ZCU_vEuZH3g
Whatever Happened to Baby Jane (1962),Easy Watching for the Faint of Heart,Great ,Not a Dop,https://www.youtube.com/watch?v=Cth9aakWf38
Men in Black (1997),Easy Watching for the Faint of Heart,Great ,Missing Limbs,https://www.youtube.com/watch?v=UxUTTrU6PA4
Attack the Block (2011),Easy Watching for the Faint of Heart,Good,Paper Cut,https://www.youtube.com/watch?v=m0ntk1o4V3k
ParaNorman (2012),Easy Watching for the Faint of Heart,Excellent,Paper Cut,https://www.youtube.com/watch?v=hgwSpajMw3s
The Monkey (2025),Scare Me Some,Great ,Missing Limbs,https://www.youtube.com/watch?v=KPxmK_ihDO8
Children of the Corn (1984),Drag Me to Hell,Good,Missing Limbs,https://www.youtube.com/watch?v=dClKllEv5MU
Hellraiser (1987),Drag Me to Hell,Great ,Buckets & Buckets,https://www.youtube.com/watch?v=OpEQNEHKdXg
Hellraiser II (1988),Drag Me to Hell,Great ,Buckets & Buckets,https://www.youtube.com/watch?v=YkAVPV9m7xk
Weapons (2025),Drag Me to Hell,Great ,Missing Limbs,https://www.youtube.com/watch?v=OpThntO9ixc
28 Years Later (2025),Scare Me Some,Good,Buckets & Buckets,https://www.youtube.com/watch?v=mcvLKldPM08
28 Weeks Later (2007),Drag Me to Hell,Great ,Buckets & Buckets,https://www.youtube.com/watch?v=gPOt4mAEfBE
Final Destination (2000),Drag Me to Hell,Good,Missing Limbs,https://www.youtube.com/watch?v=9ag5hfs9wKM
Gonjiam (2018) ,Drag Me to Hell,Good,Missing Limbs,https://www.youtube.com/watch?v=KKGJTgnkQA8
Incantation (2022),Drag Me to Hell,Good,Paper Cut,https://www.youtube.com/watch?v=HnyNZdcL_GY
Thesis (1996),Drag Me to Hell,Good,Paper Cut,https://www.youtube.com/watch?v=6-RsSaBjpaI
Red Rooms (2024),Drag Me to Hell,Great ,Missing Limbs,https://www.youtube.com/watch?v=VGZOwN1uK34
Prince of Darkness (1987),Drag Me to Hell,Excellent,Missing Limbs,https://www.youtube.com/watch?v=PkBSEWy8WfY
Terrifier (2016),Drag Me to Hell,Meh,Buckets & Buckets,https://www.youtube.com/watch?v=JJ9nrpdFE8o
Maniac Cop (1988),Scare Me Some,Good,Missing Limbs,https://www.youtube.com/watch?v=cW7KqfSToQU
The Burbs (1989),Easy Watching for the Faint of Heart,Good,Paper Cut,https://www.youtube.com/watch?v=cJ7bZpwzNfg
Manhunter (1986),Scare Me Some,Excellent,Missing Limbs,https://www.youtube.com/watch?v=Nbpk0pv60DE
Dark Water (2002),Scare Me Some,Good,Paper Cut,https://www.youtube.com/watch?v=1Lfzcd0zV5A
9 (2009),Scare Me Some,Good,Not a Dop,https://www.youtube.com/watch?v=_qApXdc1WPY
Man Bites Dog (1992),Scare Me Some,Great ,Missing Limbs,https://www.youtube.com/watch?v=3HFuTY3HpV8
The Birthday (2006),Scare Me Some,Good,Missing Limbs,https://www.youtube.com/watch?v=aAOVCjQDXQc
A Ghost Story,Easy Watching for the Faint of Heart,Great ,Paper Cut,https://www.youtube.com/watch?v=c_3NMtxeyfk
Maximum Overdrive (1986),Easy Watching for the Faint of Heart,Good,Missing Limbs,https://www.youtube.com/watch?v=IniwjSfs4fs
Spider Baby (1967),Easy Watching for the Faint of Heart,Good,Paper Cut,https://www.youtube.com/watch?v=_wSGLxo2OCY
Arsenic and Old Lace (1944),Easy Watching for the Faint of Heart,Great ,Paper Cut,https://www.youtube.com/watch?v=GCWBDwkhGN0
Creature from the Black Lagoon,Easy Watching for the Faint of Heart,Great ,Paper Cut,https://www.youtube.com/watch?v=svyPswixryM
Abbott and Costello Meet Frankenstein (1948),Easy Watching for the Faint of Heart,Great ,Not a Dop,https://www.youtube.com/watch?v=j6l8auIACyc
Halloween (2018),Drag Me to Hell,Good,Buckets & Buckets,https://www.youtube.com/watch?v=ek1ePFp-nBI
Nosfferatu (2024),Drag Me to Hell,Good,Paper Cut,https://www.youtube.com/watch?v=nulvWqYUM8k
Wrong Turn (2021),Drag Me to Hell,Good,Missing Limbs,https://www.youtube.com/watch?v=rDdGpjjtq-o
Hellraiser (2022),Drag Me to Hell,Good,Missing Limbs,https://www.youtube.com/watch?v=oUlgwJNdu2I
Lords of Salem (2012),Drag Me to Hell,Great ,Missing Limbs,https://www.youtube.com/watch?v=Y606RoSur8o
Last Shift (2015),Drag Me to Hell,Great ,Missing Limbs,https://www.youtube.com/watch?v=3p0KIrh8hyM
Skelton Frolic,Easy Watching for the Faint of Heart,Great ,Not a Dop,https://www.youtube.com/watch?v=vXkQSiJG7fk
Talk to Me (2023),Drag Me to Hell,Good,Missing Limbs,https://www.youtube.com/watch?v=aLAKJu9aJys
Berberian Sound Studio (2012),Drag Me to Hell,Good,Paper Cut,https://www.youtube.com/watch?v=SKOPh5ZEciQ
The Mist (2007),Drag Me to Hell,Great ,Missing Limbs,https://www.youtube.com/watch?v=2B62-vwtaGQ
Legend of Hell House (1973),Drag Me to Hell,Good,Paper Cut,https://www.youtube.com/watch?v=pacLdQdJJpY
Knock at the Cabin (2023),Drag Me to Hell,Meh,Missing Limbs,https://www.youtube.com/watch?v=0wiBHEACNHs
Ghost Story (1981),Drag Me to Hell,Good,Paper Cut,https://www.youtube.com/watch?v=upGQpr5CwMA
Thir13en Ghosts (20010,Drag Me to Hell,Meh,Missing Limbs,https://www.youtube.com/watch?v=n1yZl9HVLd0
Audition (1999),Drag Me to Hell,Good,Buckets & Buckets,https://www.youtube.com/watch?v=fX746b8pDVg
When Evil Lurks Trailer (2023),Drag Me to Hell,Good,Buckets & Buckets,https://www.youtube.com/watch?v=YrTnV6gNzno
Annihalation (2018),Drag Me to Hell,Excellent,Missing Limbs,https://www.youtube.com/watch?v=89OP78l9oF0
Climax (2018),Drag Me to Hell,Great ,Missing Limbs,https://www.youtube.com/watch?v=Hi69nL_VrTE
Substance (2024),Drag Me to Hell,Great ,Buckets & Buckets,https://www.youtube.com/watch?v=WZSSLSjk-cs
Dead Ringers (1988),Scare Me Some,Great ,Paper Cut,https://www.youtube.com/watch?v=-ZHbu3msmes
The Brood (1979),Drag Me to Hell,Meh,Missing Limbs,https://www.youtube.com/watch?v=-QaK5N0pj7M
Horror in the High Desert (2021),Drag Me to Hell,Good,Paper Cut,https://www.youtube.com/watch?v=D9hjeRE7b4c
Insidious (2010),Drag Me to Hell,Good,Missing Limbs,https://www.youtube.com/watch?v=zuZnRUcoWos
Thir13en Ghosts (2001),Drag Me to Hell,Meh,Missing Limbs,https://www.youtube.com/watch?v=n1yZl9HVLd0
Toolbox Murders (2004),Drag Me to Hell,Meh,Missing Limbs,https://www.youtube.com/watch?v=nSvezNDOCig
WolfCop (2014),Easy Watching for the Faint of Heart,Meh,Paper Cut,https://www.youtube.com/watch?v=f_P4C8x9S28
Teen Wolf (1985),Easy Watching for the Faint of Heart,Good,Not a Dop,https://www.youtube.com/watch?v=6Sao1dXr9qI
Zombeavers (2014),Easy Watching for the Faint of Heart,Meh,Missing Limbs,https://www.youtube.com/watch?v=L6I5hl1w0eg
Demonwarp (1988),Easy Watching for the Faint of Heart,Good,Paper Cut,https://www.youtube.com/watch?v=6XImtz8jXtk
Cast a Deadly Spell (1991),Easy Watching for the Faint of Heart,Great ,Paper Cut,https://www.youtube.com/watch?v=ka-1ekOcRcQ
Clown in a Cornfield (2025),Drag Me to Hell,Meh,Missing Limbs,https://www.youtube.com/watch?v=8tBSOKyyZT8